https://www.intuit.com/;192
https://metro.co.uk/;1357
https://www.jstor.org/;1391
https://www.techtudo.com.br/;1738
http://ftchinese.com/;3063
https://www.pscp.tv/;3073
https://www.ksl.com/;3314
https://www.pcloud.com/eu;5848
https://www.weforum.org/;6317
https://gaijinpot.com/;9112
https://www.fontanka.ru/;9447
https://www.dawriplus.com/;9638
https://www.spareroom.co.uk/;9792
https://www.kleiderkreisel.de/merge/closure;10310
https://miamioh.edu/;10562
https://business.gov.au/;11399
https://www.periscope.tv/;12939
https://www.lancaster.ac.uk/;13714
https://www.visir.is/;13805
https://www.metart.com/;13836
https://yen.com.gh/;14049
https://www.coldwellbankerhomes.com/;15391
https://www.acdsee.com/en/index/;15728
https://17.live/;15900
https://bankera.com/;17178
https://www.polskieradio.pl/;17332
https://www.centennialcollege.ca/;17391
https://www.brandeis.edu/;18617
https://www.astm.org/;19194
https://www.irk.ru/;19502
https://www.uva.es/export/sites/uva/;20341
https://www.herts.ac.uk/;20955
https://www.melkana.com/;21591
https://neko-san.fr/;23110
https://thetvdb.com/;23323
https://www.touro.edu/;26186
https://www.rotowire.com/;26648
https://www.bewakoof.com/;26902
https://thecanadianencyclopedia.ca/en;27006
https://www.aviva.co.uk/;27279
https://gomap.az/maps/az/@/map;27553
https://www.ontariocolleges.ca/en;28335
http://bakimektebleri.edu.az/;29488
https://my.avon.ua/;30394
https://www.ua.pt/;31272
https://www.cycleworld.com/;31383
https://www.flirtmatch.se/splash;33089
https://www.vinci-autoroutes.com/fr/;33104
https://www.hustler.com/;33830
https://www.acu.edu.au/;35742
https://www.scotiabank.com.mx/;36226
https://sledcom.ru/;37207
https://www.bankofireland.com/;37757
https://fex.net/;38140
https://www.sexart.com/;38630
https://www.rtl2.de/;39305
https://www.penzcentrum.hu/;39517
https://www.overnightprints.com/;40617
https://opintopolku.fi/konfo/;40830
https://www.kelbillet.com/;41872
https://kozmetik.avon.com.tr/;42498
https://menupages.com/;42506
https://www.livenation.es/;44114
https://www.maxisport.com/;45255
https://puzzle-movies.com/;45661
https://www.maximiles.com/;46546
https://www.mamikreisel.de/merge/closure;48143
https://www.canalplus-afrique.com/;48417
https://www.apsu.edu/;48900
https://www.vivobarefoot.com/uk/;50791
https://www.inserm.fr/;50877
https://appriver.com/;51419
https://www.coop.co.uk/;52285
https://www.livenation.co.uk/;52521
https://www.dosomething.org/us;52852
http://ghxadv.com/;53018
https://www.modaresanesharif.ac.ir/;53025
https://www.metartx.com/;53093
https://www.thelifeerotic.com/;53372
https://www.eat24.com/;55548
https://www.alsscan.com/;55594
https://www.goldiran.ir/;55898
https://www.homify.jp/;56207
https://diaroapp.com/;56270
https://my.avon.co.za/;56660
https://raisingchildren.net.au/;57237
https://www.rylskyart.com/;57362
https://courscryptomonnaies.com/;57382
https://www.homify.pt/;58166
https://www.teknikmagasinet.se/;58393
https://www.rainn.org/;58814
http://intercars.eu/en;60084
https://www.financnisprava.cz/;60399
http://ponyexpress.ru/;60642
https://ei8hts.us/;61886
https://kami.com.ph/;62652
https://www.homify.co.kr/;64458
http://www.wgzj.cn/;65535
https://www.eroticbeauty.com/;66117
https://redfcu.org/;66457
https://www.demco.com/international;68232
https://www.compart.com/en/home;68525
https://make-trip.ru/;68666
https://www.pajacyk.pl/;69628
https://www.ustvnow.com/;71076
https://www.suntransfers.com/;71544
https://www.homify.com.mx/;73137
http://razmovie.com/;73710
https://www.vivthomas.com/;75239
https://www.itninja.com/;76179
https://www.avepoint.com/;78322
https://www.chinalovecupid.com/;78336
https://www.livenation.pl/;79247
https://publicmobile.ca/en/bc/;81477
https://qegoo.cn/;81759
https://www.realo.be/en;82315
https://www.eternaldesire.com/;83961
https://www.msci.com/;84051
https://www.manatraders.com/;85279
https://avononline.avon.sk/;85506
https://kamikoto.com/;86799
https://www.fesco.ru/ru/;87069
https://www.jta.org/;87193
https://www.skyword.com/;87609
https://avononline.avon.hu/;89068
https://www.leapfrog.com/en-us/home;89241
https://www.errotica-archives.com/;89591
https://pomelofashion.com/global/en/;91102
https://www.moxa.com/en/;92506
https://baitme.com/;93104
https://www.bizi.si/;94274
https://www.islandsbanki.is/;95326
https://www.steaknshake.com/;96125
https://linfield.edu/;98072
http://sxmzhs.com/;99389
https://www.pli.edu/;100191
https://getstation.com/;100643
https://www.facs.org/;100762
https://bongthom.com/;100772
https://www.london-luton.co.uk/;101439
https://www.cejn.com/;101690
https://www.edf.org/;101866
https://www.centodieci.it/;102223
https://cfjctoday.com/;103337
https://abtech.edu/;104863
https://www.felgenoutlet.de/de/;105006
https://www.lipscomb.edu/;107173
https://www.avon.pl/;109330
https://www.visitflorida.com/;109452
https://www.pointwise.com/;109643
https://www.gtcc.edu/;110148
https://www.domai.com/;110188
http://instdd.com/;111474
https://www.livenation.se/;114314
https://www.pluggakuten.se/;114445
https://www.modis.com/;115897
https://irsc.edu/;116006
https://www.diskretflirt.com/splash;116764
https://www.livenation.kr/;116814
https://www.medicapanamericana.com/es;116865
https://www.24.se/;119769
https://www.motorcyclistonline.com/;120118
https://www.homify.in/;120706
https://domkino.tv/;120746
https://www.tsohost.com/;121881
https://barefootcontessa.com/;122743
https://www.neumont.edu/;122783
https://simpson.edu/;123206
https://www.rikstv.no/;125963
https://www.dubaiairports.ae/;126076
https://www.vite-envogue.de/eu/en/women;126929
https://workindenmark.dk/;127233
https://www.spareroom.com/;127741
https://www.ochsner.org/;127865
https://www.homify.sa/;128484
https://members.kellymadisonmedia.com/login;128813
https://www.homify.de/;129565
https://www.freelance.de/;132474
https://www.homify.es/;132942
https://liniilubvi.ru/;134354
https://www.kliper.cl/;135025
https://giant.sg/;136238
https://www.homify.com.br/;138730
https://www.skibanff.com/;139226
https://www.wwt.com/;145635
https://delta.edu/;147716
https://www.homify.pl/;149987
https://prostatecanceruk.org/;150195
https://www.metartnetwork.com/;150781
https://dsrcv.com/;150950
https://www.virginia.org/;151433
https://se.tretorn.com/;153290
https://www.homify.com.ar/;153458
https://www.aviva.com/;153825
https://www.fantapazz.com/;154474
https://www.ait.ie/;155174
https://parcelsapp.com/;155501
https://www.hospitaldaluz.pt/pt/;155797
https://www.avon.lt/;156340
https://www.stunning18.com/;157454
http://thisiscriminal.com/;158078
https://www.librariaonline.ro/;158178
https://www.fugle.tw/;158258
https://www.avon.ro/;158916
https://www.aviva.ie/;159188
https://www.canadorecollege.ca/;159426
https://www.dirtrider.com/;160576
https://www.ponant.com/;161891
https://www.mydirtyfling.com/splash;162623
https://argo.cz/;165707
https://www.dd-holdings.jp/;166758
https://www.hairworthy.co.uk/;167931
http://hhkk-kaigai.com/;168108
https://www.citnow.com/;175573
https://vitas.com/;175829
https://gifer.com/;175873
https://www.homify.com.tr/;177175
https://www.avon.it/;177447
https://www.stortinget.no/;177488
https://www.unoesc.edu.br/;177967
https://www.indigo-nails.com/;180704
https://www.eon.cz/domacnosti/;181227
https://marymount.edu/;181341
https://www.ghirardelli.com/;181484
https://row52.com/;181551
https://www.cafeausoul.com/;181735
https://www.homify.com.eg/;182177
https://www.dmschools.org/;182200
https://prestigify.com/;182451
https://www.homify.co.uk/;182951
https://www.oeildujour.com/;182976
https://www.tigota.it/it/;183370
https://www.marsh.com/en/home.html;183850
http://triathlon.org/;184029
https://www.cable.co.uk/;184605
https://sho-me.ru/;185069
https://www.patrolbase.co.uk/;185117
https://www.maximiles.co.uk/;185296
https://www.normandale.edu/;185361
https://www.shagcity.co.uk/splash;186503
https://www.spaceneedle.com/;187735
https://www.livenation.com.au/;187825
https://www.g-wonlinetextbooks.com/;190116
https://myfrs.com/;190417
https://www.uniteddomains.com/;190497
https://dostaevsky.ru/;190676
https://www.instahyre.com/;191744
https://www.adlermode.com/de/de/home;192557
https://www.experiencecolumbus.com/;192942
https://hellspy.sk/;193900
https://www.acehardware.co.id/;194033
https://www.checkmatenext.com/;194076
https://www.esap.edu.co/inicio/;194792
http://easy2boot.com/;195807
https://www.valleymusictravel.com/;196812
https://www.snappcar.nl/;197371
https://www.filestack.com/;198051
https://www.baguetterie.fr/;198618
https://www.flagandanthem.com/;198889
https://www.spectrumvoip.com/;199526
https://stars24.cz/;199565
https://www.orosapparel.com/;199591
https://www.daytonabeach.com/;199843
https://www.sis.se/;200285
https://oiplay.tv/oiplay/;200383
https://onlinebooksstore.in/;202399
https://www.visitnapavalley.com/;202506
https://urbanadventures.com/;204418
https://www.onbit.pt/;204534
https://www.homify.co.id/;204738
https://treasury.gov.lk/;206164
https://www.eehealth.org/;206370
https://www.lindtusa.com/;207522
https://www.thechairmansbao.com/;207591
https://www.mills.edu/;208184
https://www.avoncosmetics.gr/;208489
https://en.ellinair.com/;209119
https://caravanmagazine.in/;210252
https://www.goamplify.com/;210797
https://www.homify.tw/;211869
https://www.livenation.no/;212321
https://www.halifax.ca/;213728
https://www.visitgreaterpalmsprings.com/;214546
https://www.kerrygoldusa.com/;215738
https://www.jettours.com/;216706
https://www.prismashop.fr/;216727
https://www.uhcu.org/;216852
https://www.fieldsupply.com/;217351
https://www.apotheka.ee/;217469
https://www.muw.edu/;217673
https://ottolenghi.co.uk/;218445
https://quampus.com/;223829
https://www.tuttotek.it/;226127
https://www.dogmate.co.kr/;227722
https://1620thezone.com/;228201
https://www.kckcc.edu/;228838
https://allplayer.org/;228882
https://www.pharmgkb.org/;229709
https://directaxis.co.za/;231156
https://www.anychart.com/;231517
https://apcoworldwide.com/;231567
https://www.lbsfcu.org/;231587
https://lostechies.com/;231859
https://absbouwteam.be/;232121
https://www.bcge.ch/;232777
https://www.liqui-moly.com/en/gb/;234059
https://www.ostrava.cz/en;235423
https://www.arteradio.com/;236196
https://www.conservateur.fr/;236221
https://www.asbmb.org/;236768
https://maminat.com/;236977
https://papercase.co/;237661
http://fiveclipart.com/;241690
https://www.foliofirst.com/;242892
https://cso.org/;245563
https://rotorriot.com/;245806
https://www.fiap.net/en;246554
https://www.homify.co.th/;246587
https://www.wearefoundingfarmers.com/;247244
https://www.collinscu.org/;247835
https://wsau.com/;247965
https://zyorna.ru/;248105
https://izeaexchange.com/user/sign_in;248396
https://www.sorinwd.ir/;248494
https://alpingaraget.se/;248948
https://www.nuoobox.com/;250568
https://www.haart.co.uk/;253104
https://www.naipocare.com/;253910
https://www.evisu.com/;254132
https://aarhus.dk/;254784
https://teleport.org/;254957
https://www.torshovsport.no/;254989
https://immofinanz.com/en/home;255010
https://www.uec.ch/;255301
https://www.homify.co.za/;255458
http://skyward.com/;256788
https://www.rizoma.com/;257119
https://www.cabletiesandmore.com/;257858
https://www.avon.com.pt/;258115
https://www.opalescence.com/;259065
https://javascript30.com/;259073
https://www.domeny.tv/;259214
https://mirat.eu/;259226
https://www.dataart.com/;259301
https://www.kanal-o.ru/;259884
https://cle.ir/;260115
https://www.antalis.fr/eshop/home;260497
https://www.alrc.gov.au/;260606
https://bidtracer.com/;260796
http://northeaststate.edu/;260827
https://www.utpb.edu/;261351
https://www.dermacol.com/;262443
https://trektravel.com/;263713
https://www.brasty.pl/;263957
https://www.hacik.sk/;265789
https://www.sopadre.com/;267320
https://pys.com/;268233
https://ado.hu/;268654
http://eredappa.com/;268844
https://www.bigconcerts.co.za/;269623
https://www.richardmille.com/;274561
https://rus-opros.com/;274716
https://www.gigaparts.com/;274815
https://4seating.com/;275647
https://www.headwaycapital.com/;275842
https://www.jameskim.co.kr/;276402
https://8fit.com/;279405
https://kx.com/;279704
https://www.clustertruck.com/;279990
https://generation.com.pk/;280687
https://www.sustrans.org.uk/;281093
https://www.avivainvestors.com/en-gb/;281376
https://teletopiasms.no/p/;283649
https://www.amfirst.org/;283964
https://reynolds.edu/;284137
https://abekker.by/;284574
https://www.aallnet.org/;285233
https://previewfreemovies.com/;285431
https://semanaeconomica.com/;286214
https://www.ambi.cz/;286453
https://www.liquid-iv.com/;287178
http://thepeakworkperformancesummit.com/;288244
https://www.americares.org/;289193
https://www.etwarm.com.tw/;289661
https://www.lawson-his.co.uk/;289738
https://shooliniuniversity.com/;290443
https://b2b-energo.ru/;291429
https://mnbar.org/;292933
https://www.dodenhof.de/;293517
https://www.lange-boots.com/;293694
https://www.livenation.dk/;294296
https://www.skistore.se/;295400
https://www.inghams.co.uk/;295538
https://www.koeniggalerie.com/;296147
https://ast.dk/;296688
https://www.23snaps.com/;297254
https://www.brownpalace.com/;297982
https://www.icanrecruit.com/;298900
https://www.msnoticias.com/;299780
https://panow.com/;301582
https://www.fbp-msp.org/;302558
https://fie.org/;302659
https://www.zbc.dk/;302971
https://theoriginalshabby.it/;305238
https://www.csi.edu/;306016
https://plansponsorlink.com/;306406
https://www.homify.ru/;307064
https://www.dialaflight.com/;308593
https://map.vn.ua/;308986
https://www.mydailyfling.com/splash;309006
https://www.avon.cz/;309630
https://kartinacanada.com/;310112
https://www.homify.ae/;311226
https://www.reinhardt-verlag.de/;313526
https://mybrightwheel.com/;314304
https://family-cinema.com/;314633
https://www.homify.fr/;316305
https://www.somproduct.ro/;318981
https://menlo.church/;320538
https://www.waynesburg.edu/;320753
https://www.ardian.com/;323318
https://storyous.com/en/;323835
https://www.starsgroup.com/;323945
https://louisiana-grills.com/;324444
https://www.pibr.org.pl/;324701
https://zenpark.com/;325969
https://www.pamm.org/en/;327242
https://me.com.br/;328062
https://sovhozlenina.ru/;329921
https://wifc.com/;329978
https://www.productpro.com.hk/;330025
https://www.qbfood.com.sg/;330027
https://www.avon.de/;331004
https://www.akutbolig.dk/;332634
https://www.flirttreffi.com/splash;334528
https://www.homify.com/;335193
https://siucu.org/;337155
https://www.cgriver.com/;338559
https://advsound.co.kr/;339076
https://bflix.co.kr/;339315
https://gsfarm.net/;340338
https://www.nice.co.kr/;341486
https://slowsteadyclub.com/;342131
https://astri.ee/;343903
https://www.benstrat.com/;348320
https://www.intrusivethoughts.org/;348601
https://www.theshadestore.com/;348923
https://uhuu.com/;350331
https://joeyrestaurants.com/;352081
https://jogaszvilag.hu/;353439
https://vtvcab.vn/;354815
https://aduron.myshopify.com/;357130
https://www.sbm.no/;357418
https://brisqq.com/;360371
https://servify.in/;360683
https://www.land.se/;360771
https://4slovo.kz/;362025
https://www.eogresources.com/;362466
https://www.timestore.sk/;363609
https://www.sewtrendyaccessories.com/;365351
https://www.clubnuoveidee.it/;366595
https://arcsenciel-cine.fr/;367917
https://www.mobistoxx.fr/;368834
https://www.30cc.be/nl;370005
https://advicentsolutions.com/en-us;370291
https://www.investisgroup.com/;373133
https://www.uniphar.ie/;374027
https://freedomcu.org/;375783
https://www.visitlaughlin.com/;376000
https://www.gmercyu.edu/;376542
https://www.fashionrevolution.org/;377369
https://www.russellstover.com/;377765
https://mxgroup.ru/;377778
https://www.pf.dk/;379476
https://www.casterdepot.com/;380902
https://boardreader.com/;381762
https://www.1023nowradio.com/;383626
http://shoessale.com.ua/;383877
https://www.herder-institut.de/en/welcome/;384232
https://www.sonneundstrand.de/;384512
https://www.bollore.com/fr/;385460
http://fabogo.com/;386222
https://yaytext.com/;386241
https://www.ncell.com.np/en;386506
https://www.begroup.com/;386805
https://www.avon.es/;387234
https://recyclingnearyou.com.au/;387501
https://www.simplemodern.com/;388230
https://www.skyone.org/;388235
https://www.zionrhinelander.org/;388370
http://www.graphicsjs.org/;388469
http://voegele-shoes.com/de/;389550
https://www.infoconnector.ru/;391018
https://www.fortuneindia.com/;391330
https://www.vokseneventyr.com/splash;396133
https://www.mnopedia.org/;396214
https://ksfe.com/;397534
https://www.getmyperks.com/;398402
https://sokolov.net/int-en/;399034
http://pompeiisites.org/;399361
https://www.utvdriver.com/;399589
https://www.rigb.org/;400118
http://kuklaskorner.com/;403236
https://www.teme.fi/fi/;403252
https://www.folktandvardenstockholm.se/;403407
https://evades.io/;404654
https://aviondo.com/;404727
https://seeingmachines.com/;405599
https://www.ivylettings.com/;405672
http://grandsthermes-bourboule.com/;407418
http://www.les24heures.fr/;407916
https://www.saemes.fr/en;408753
https://sixnetoiles.fr/;408853
https://barrospizza.com/;409571
https://www.knowledgepublisher.com/;411018
https://www.musicmart.com.au/;414339
http://sabunchu-ih.gov.az/az;414770
https://mindmaze.com/;415620
https://www.airport-parking.uk.com/;415793
https://citymazes.com/;415855
https://www.myappliances.co.uk/;415991
https://adeccogroup.com/;416634
http://www.techmos.ru/;417220
https://www.sologstrand.dk/;417290
https://www.homeandcottage.no/;418334
https://www.asianfever.com/;420071
https://www.split.io/;425579
http://www.instamaps.cat/;426337
https://www.ultradent.com/;427097
https://www.scouting.nl/;427856
http://www.eraworld.ru/;428710
https://prime-sport.ru/;430303
https://www.elizabethtowngas.com/;431613
https://katcountry989.com/;431959
https://orangette.net/;432317
https://www.unionsavings.com/;432838
https://www.visitfredericksburgtx.com/;432875
http://amozesh3.com/;433624
https://rakennusteho.fi/;434464
https://snar.fo/;435409
https://www.lanesfordrains.co.uk/;435649
https://www.dairyaustralia.com.au/;436045
https://www.boijmans.nl/;436224
https://cantieriestensi.it/it;436903
https://www.jamestown.de/;437946
https://quomi.it/;438742
https://steviesister.com/;441735
https://thefarmerselevator.com/;441814
https://www.ymcatulsa.org/;442027
https://fathersonsclothing.com/;442058
https://battlefordsnow.com/;442243
https://kzgroup.ru/;442845
https://www.homify.com.ve/;443038
https://www.littleangelsprams.co.uk/;443419
https://ilovecoding.org/;443622
https://katholiekonderwijs.vlaanderen/;447250
https://www.mrdfood.com/;447416
https://ocpgroup.ma/;449201
https://clarksvillenow.com/;449621
https://enativ.com/;451601
https://wowworks.ru/;453331
https://www.canalplus-madagascar.com/;453631
https://www.scanboat.com/en;456901
https://www.avon.rs/;457820
https://www.localfling.co.uk/splash;458229
https://www.flirtspot.se/splash;462267
https://hobgoblin.com/;463101
https://www.sensualseekers.com/splash;463479
https://uralopera.ru/;464216
https://therugbysquad.com/;465068
https://bm.dk/;465415
https://horsens.dk/;465422
https://bealearninghero.org/;465913
https://www.tyremarket.com/Car-Tyres;467127
https://www.homify.vn/;468161
https://chatrango.com/;469755
https://www.livenation.de/;472299
https://maintal-betten.de/;473340
https://www.lauraleelosangeles.com/;474711
https://arlight.group/;474916
https://tickets.imagix.be/;475509
https://www.fermacell.co.uk/en;477554
https://www.mysteryflirt.com/splash;477755
https://eslov.se/;478070
https://thebohoboutique.com/;478220
https://www.homify.com.co/;478555
https://knitting-life.ru/;478949
https://www.hcpc-uk.org/;479661
https://ipni.org/;481792
https://www.bd.dk/;482278
https://www.sperky-a-diamanty.sk/;483699
https://www.carucontainers.com/en;485907
https://knsiradio.com/;486991
https://www.merrick.com/;487212
https://www.visitmadison.com/;488511
https://www.wglr.com/;488576
https://www.hooks.se/;488783
https://www.real-ronda.com/;489126
http://vistael.com/;489825
https://tonyschocolonely.com/uk/en;490080
https://ajp.com.au/;490348
https://www.whitehorse.vic.gov.au/;490466
https://anekke.com/;490917
https://rotasbrasil.com.br/;493681
https://salfeld.com/en/;494040
https://gymbeam.hu/;494081
http://phdstudent.com/;494468
https://my.avon.ee/;496829
https://www.iafc.org/;498331
https://ekosnegocios.com/;499030
https://www.asva.co.uk/;499594
https://www.kaury.com.br/;500261
https://www.24hshop.dk/;500704
https://group.emmi.com/gbr/en;502872
https://www.spycher-handwerk.ch/de/;503137
https://ca-momentumwatch.myshopify.com/password;503749
https://job-interview-answers.com/;504218
https://www.landmark.hk/en;504243
https://www.pneuhage.de/;506175
https://www.cvtotaal.nl/;507385
https://processtypefoundry.com/;507700
https://www.pieknowdomu.pl/;509103
https://kokopelli-semences.fr/fr/;516119
https://mdph77.fr/fr;517463
https://www.orchestredeparis.com/fr/accueil;518583
https://www.overnightprints.fr/;518652
https://www.vonyarcvashegy.hu/en;521846
https://nextkbh.dk/;523421
http://hasangoli.com/;524662
https://navidedu.com/;524901
https://www.reginaassumpta.qc.ca/;526039
https://drinklink.bg/;528021
https://www.milligazette.com/;528928
https://www.ricola.com/en-gb;529659
https://www.socialnature.com/;529664
https://www.jipka.cz/;529931
https://svenskamassan.se/;530352
https://valueguard.se/;530358
https://my.avon.ge/;533981
https://www.junebridals.com/;536401
https://www.demontfortfineart.co.uk/;537982
https://www.haardenexpert.nl/;539388
http://qazax-ih.gov.az/az;540388
http://surakhani-ih.gov.az/az;540394
https://dci.org/;542432
https://www.forksmealplanner.com/;542808
https://www.georgetowndc.com/;542897
https://harperwilde.com/;543040
https://www.lawrysonline.com/;543430
https://www.norwalkschools.org/;543927
https://www.toadandco.com/;545021
https://whtc.com/;545305
https://woodmereartmuseum.org/;545338
http://360player.io/en/;545809
https://www.overnightprints.de/;547249
https://www.develcoproducts.com/;550298
https://www.perchandparrow.com/?SID=3titju5lu0on9352edskbhvtp6;551306
https://vniispk.ru/;552023
https://www.fernerjacobsen.no/;552631
https://studiovelocity.com.br/;553944
https://emailservice.io/signin;554246
https://www.supertienda.mx/;555949
https://leutholdgroup.com/;557883
https://www.papdregistry.org/v7/trainings/search;557921
https://www.farmaciaexpress.it/;561635
https://www.goovinn.se/;562490
http://www.guidealtopiano.com/it/;562628
https://my.avon.lv/;570053
http://takamoleman.com/;572572
https://www.lifebutiken.se/;574088
http://www.redtigerdumplinghouse.net/;574460
https://www.hustlerslesbians.com/;574568
https://www.kingwill.com/;574749
https://danariely.com/;578183
https://learnredux.com/;578362
https://wiky.com/;578465
https://doctorc.in/;578556
http://okcoop.com/;580058
https://www.hektapatur.no/;581604
https://www.kinosolothurn.ch/de/;582774
https://www.ochsner-shoes.ch/CH/de/shop/welcome.html;582906
https://litera.hu/;585625
http://lenkeran-ih.gov.az/az;585697
https://www.friday.de/;591899
https://www.kultkom.be/;592616
https://www.fjordline.com/en;594499
https://www.cbtis59.edu.mx/portal/;598145
https://thebreakfast.co/;600135
https://www.thegrove.co.uk/;600161
https://www.usherhall.co.uk/;600308
https://mahashivarathri.org/;603243
https://www.ticmate.co.uk/;603908
https://www.dermacol.sk/;604177
https://starikam.org/;606797
http://onmoy.com/;607308
https://www.kredicity.com/;607935
https://ktwb.com/;608316
https://grendene.com.br/;610570
https://www.cscc.com.au/;612348
https://ckpgtoday.ca/;613141
https://www.24hshop.no/;614617
https://afgruppen.no/;614619
https://wheelers.co.nz/;614806
https://www.misterdesign.nl/;615265
https://covenantreview.com/;615739
https://www.ely.org/;615814
https://shopstevie.com/;616293
https://www.ridleycollege.com/;617439
https://havashealthandyou.com/;620577
https://dacapo.com/;621118
https://cincysavers.com/;623526
https://cuofga.org/;623987
https://gotoltc.edu/;625288
https://happybank.com/;625442
https://www.lift.net/;626567
https://ratedchoices.com/;628493
https://penneastfcu.org/;632197
https://www.themainstreetpress.com/;632485
https://www.ticmate.com/;632499
https://delijanco.com/;634095
https://mahramco.com/;635031
https://ctouch.eu/nl/educatie;636558
https://www.livenation.fi/;637603
https://www.aecoc.es/;637905
https://www.brasty.de/;638332
https://www.nmcrec.co.uk/;640408
https://www.znsm.ru/;641648
https://www.defibrylatorshop.pl/;642792
https://visline.pl/;643457
http://mbh57.net/;643565
https://ecuworldwide.com/;643819
https://www2.naz.edu/;643873
https://www.scstyling.com/;644807
http://broadway.org.uk/;645280
https://decortecosmetics.com/;645625
https://parkviewgrouppractice.co.uk/;646972
https://www.henrilloyd.com/;649171
https://yourcapsnetwork.org/;651637
https://www.wdka.nl/;651972
https://www.brasty.cz/;653455
https://www.batteribyen.dk/;655791
https://www.naestved.dk/;655851
https://www.life.fi/;656572
https://qtsdatacenters.com/;656695
http://elabinfo.com/;657239
https://vivanaturals.com/;657540
https://www.legatbogen.dk/;657641
https://skyteam.tur.br/;659571
http://cncsac.com/;662615
https://www.livenation.fr/;665263
https://www.livenation.nl/;665264
https://zarubezhneft.ru/ru/;668432
https://arbejdsmarkedsbalancen.dk/;671666
https://www.printlocker.com.au/;671689
https://www.topmeup.ca/;676351
https://eyfs.info/;676476
https://www.hometowngirls.com/;676689
https://anjou.com/;676914
https://www.waff.at/;681437
http://binegedi-ih.gov.az/az;683121
https://ansoniacreditdata.com/index.html;684079
https://mysaunaworld.com/;685834
https://www.woolandoak.com/;688206
https://worldofpotter.nl/;689297
https://www.batterionline.no/;689955
https://www.barelylegal.com/;692472
http://charlottedewittemusic.com/;693739
https://landvogel.be/;694857
https://www.rnhb.nl/;695606
https://briefly.co.za/;696512
https://www.medacta.com/;697928
https://www.salzburgerfestspiele.at/en/;698926
https://www.fbp-rdc.org/;700505
https://www.mfcbox.com/;700901
https://www.eclubstore.com/;701521
https://dwellandslumber.com/;703450
https://murraylighting.com/;704942
https://pandoragroup.com/;707962
https://hlo.hu/;708882
https://ugo.tw/;710489
https://finnbrit.fi/;711341
https://golfcenter.fi/;711405
https://met.gov.kw/;713660
https://www.kl.dk/;714251
https://www.skuld.com/;715212
https://www.antalis.co.uk/eshop/home;716533
https://www.barnsley.ac.uk/;716723
https://www.cars2buy.co.uk/;717168
https://www.mola.org.uk/;719840
https://www.mymoto-uk.com/;719967
https://redplanetpictures.co.uk/;720734
https://www.wearyourlogo.co.uk/;722302
http://gibela-rail.com/;723489
https://www.livenation.co.jp/;724169
https://nanaimonewsnow.com/;725547
https://www.santafe.org/;725720
https://www.bennelongfunds.com/?cookies_set=true;727149
https://developmentgateway.org/;727183
https://www.sakurafilter.com/;729703
https://www.antalis.ch/eshop/home;730263
https://sendeschluss-nein.ch/;732353
https://umzugsanbieter.ch/de/;732777
https://www.effinghamradio.com/;735377
https://www.mannocks.co.uk/;737228
https://www.matchfitconditioning.com/;737280
https://putitonatee.com/;738464
https://www.smycka.se/;739173
https://www.triumph-park.ru/;740955
http://kenoraonline.com/;741527
https://vvg.hr/;742161
https://mastername.ru/;750163
https://rottnestexpress.com.au/;753271
https://www.niras.dk/;754410
https://star.dk/;754458
https://www.brasty.sk/;755589
https://traitdunion.gr/;757111
https://www.bergans.com/no;757169
https://rzeszow4u.pl/;765321
https://www.amti.biz/;767667
https://anyalust.com/;767725
https://www.horizonservers.net/;771689
https://www.leehealth.org/;772789
https://magfedcu.org/;773141
https://studios.com/;776722
https://zhumerch.com/;778619
https://comfycopenhagen.com/;779394
https://www.rockdenim.com/;782257
https://www.ulle.com/se;782304
https://promotex.ie/;783163
https://www.woodenheart.ie/;783345
http://zengilan-ih.gov.az/az;785077
http://econrads.com/;791628
https://decorprint.ir/;796217
https://www.ikido.org/;798698
https://nanosun.ir/;801507
http://sangarkar.com/;803838
http://www.sepidangasaria.com/;804065
https://ssco.tv/;804725
http://tehranwagon.com/;805265
https://www.tomnet.ir/;805525
https://copypastedesign.com/;810548
https://ecigarettesworld.ie/;811520
https://geoportalgasolineras.es/;813139
https://www.joselito.com/en/home;814585
http://wommus.com/;821173
https://www.getasquiltingstudio.com/;822467
https://www.homify.pe/;824138
https://www.cykelpartner.dk/;824832
http://teamlogodesigner.com/;825182
http://lachin-ih.gov.az/az;826797
https://www.mellanskog.se/;828237
https://www.drvitamins.com.au/;829502
https://www.thetshirtmill.com.au/;830147
https://www.tilesrepublic.com.au/;830153
https://www.jmcacademy.edu.au/;830841
https://alfredwilliams.com/;834391
https://www.atvrider.com/;835072
https://awaydaysfootball.com/;835222
https://www.definitionsportsmassage.com/;838282
https://secure.forward401k.com/PROD/marketing;840140
https://www.gulfcoast.org/;841100
https://kelo.com/;842979
https://www.riccar.com/;848194
https://www.rickackerman.com/;848208
https://schique.com/;848849
https://swipek12.com/Account/Login;850496
http://thepadstudios.com/;851174
https://www.tombraidersuite.com/;851549
https://www.whistleblowers.org/;852911
https://backtonature.se/;857769
https://www.eltern-bildung.at/;861859
https://koesmetik.de/;867543
http://minack.com/;869864
https://www.narr.de/;870669
https://perixx.eu/;872007
https://selekkt.com/;874646
https://www.zorro.de/;879636
https://www.goddessnudes.com/;879807
https://www.themedievalstore.com/;881514
https://gentek.com/;885879
https://jackfmfargo.com/;887604
https://www.marmot.cl/;890215
https://lockwoodhume.co.uk/;892515
https://www.smithsdetection.com/;893640
https://coastalpet.com/;895829
https://www.usports.ru/;896178
https://www.isda.org/;896476
https://qarea.com/;896750
https://www.ctk.cz/;897510
https://oscarhackman.com/;898687
https://gravityextend.com/;900092
https://i-chalmers.se/;901279
https://www.salabostader.se/;901504
https://sofiero.se/;901543
https://www.blueman.com/;902067
https://www.affinitylogon.com/;902444
https://www.skoda-kariera.cz/;906921
https://manimal.com/;907300
https://pepkorit.com/;909316
https://mindful-company.com/;910103
https://www.homify.ph/;910249
https://www.queenstownnz.co.nz/;910525
http://www.airport-hotels.com/;912676
https://www.badenochandclark.com/;913664
https://www.baldershage.se/;913692
https://www.birminghamparking.com/;914205
https://everpress.com/;918038
https://gpnutrition.com/;919518
https://greenmotion.co.uk/;919607
https://www.john-west.co.uk/;921481
https://kims.org.uk/;921865
https://northernquartermanchester.com/;924786
https://www.scorett.se/;927684
https://www.sidenselma.se/;928094
https://www.studentroost.co.uk/;929090
https://www.themandala.de/de/;930036
https://www.albertabicycle.ab.ca/;933889
http://apk4pc.com/;935250
https://auth.smartplanapp.io/login/;942502
https://www.livenation.hu/;943294
https://www.agfinancial.org/;946098
https://www.aimmune.com/;946175
https://www.brewerscience.com/;949946
https://www.catholiccharitiesaz.org/;951173
https://day-won.com/;954034
https://dukemansion.com/;955155
https://www.emmustangs.org/;955922
https://flypittsburgh.com/;957446
https://www.golinks.io/;958928
https://www.hvcb.org/;961018
https://www.iloveny.com/;961341
https://www.lvcva.com/;965167
https://www.mysecureadvantage.com/;967946
https://www.ncbrunswick.com/;968252
https://www.networldsports.com/;968411
https://nextfab.com/;968569
https://www.northandmainclothingco.com/;968869
https://www.ntotank.com/;969055
https://ozarkregionalveincenter.com/;970016
https://portnola.com/;971473
https://www.royalandreese.com/;973743
https://tartinebakery.com/;977883
https://thearsenale.com/;978374
https://www.thegamenashville.com/;978711
https://toptruisms.com/;979807
https://www.visitgreensburg.com/;981542
https://www.visitrichmondva.com/;981549
https://www.easy.tv/;984694
http://espacovital.com.br/;991300
https://www.fullscreen.pt/en/;992307
http://natts.com.br/;996721
